"ID","east","north","price","fl_area"
"1",523800,179700,107000,50
"2",533200,170900,55500,66
"3",514600,175800,103000,90
"4",516000,171000,187000,125
"5",533700,169200,43000,50
"6",547900,189600,69995,95
"7",531900,189900,80000,79
"8",514600,190300,57500,44
"9",525700,172900,104000,68
"10",536700,188100,69000,87
"11",529000,171300,88000,76
"12",523900,191200,123000,107
"13",546800,169600,83000,92
"14",547100,187600,52995,53
"15",531900,185800,255000,146
"16",528700,173400,185000,125
"17",529200,164400,152000,157
"18",525000,190200,85000,79
"19",514600,189300,120000,108
"20",524200,174600,135000,91
"21",516300,176700,143000,100
"22",505100,183400,59950,39
"23",523800,184600,285000,198
"24",526400,177100,272500,155
"25",532800,167200,73950,87
"26",533700,166500,67500,59
"27",514200,172200,174000,114
"28",541200,178200,65000,92
"29",538400,191500,50300,61
"30",539900,190200,63200,62
"31",537400,176000,45000,63
"32",539500,190700,79500,75
"33",536600,167200,92000,112
"34",552000,188500,85000,105
"35",537000,169900,83995,57
"36",506300,181100,53000,45
"37",505300,183000,77000,82
"38",549300,185200,55000,92
"39",549800,189700,77500,87
"40",549700,176700,133000,120
"41",537300,167900,94000,87
"42",525100,172900,204000,90
"43",513300,185200,47500,63
"44",526000,163700,56500,55
"45",533000,163400,142500,115
"46",526300,181000,170000,62
"47",537200,189900,67000,75
"48",523200,173600,238000,120
"49",528900,172600,124250,84
"50",545800,186100,155000,109
"51",527300,171400,68000,55
"52",522200,183100,90000,90
"53",536600,180700,229995,80
"54",544200,190900,115000,147
"55",544000,178500,42000,75
"56",530300,186900,210000,106
"57",526400,188900,107500,72
"58",524300,186600,235000,200
"59",520700,193400,64500,73
"60",541600,178200,85000,112
"61",529700,179000,175000,75
"62",530800,174900,106000,63
"63",548900,188200,49000,64
"64",525300,191100,165000,120
"65",525000,185000,315000,130
"66",511600,187500,122000,105
"67",537900,162500,52000,70
"68",531100,178300,127000,61
"69",518000,181500,499950,269
"70",553300,189700,122000,102
"71",521500,190200,85500,94
"72",525200,174100,95000,53
"73",542300,189600,61500,62
"74",514200,183800,69950,54
"75",509800,177100,79950,65
"76",530700,192200,97000,74
"77",532300,189700,100000,93
"78",525900,170300,165750,85
"79",549100,185200,55000,78
"80",509600,177000,78750,61
"81",520200,180000,132500,92
"82",534300,180600,195000,125
"83",522800,179200,250000,97
"84",539000,192900,110000,120
"85",516400,180200,120000,79
"86",534100,182400,120000,62
"87",519900,177900,180000,85
"88",512200,175400,72500,73
"89",514700,172900,162500,104
"90",515100,181800,131000,105
"91",530200,171600,75000,67
"92",536000,169300,88000,64
"93",530500,173200,54000,89
"94",507600,185500,120500,91
"95",515800,176100,174500,131
"96",534700,191800,128000,134
"97",518900,185800,63000,60
"98",537300,174800,87000,115
"99",555700,186500,59000,61
"100",524100,196700,157000,140
"101",533100,171700,730000,228
"102",505500,191400,105000,97
"103",532200,193000,153500,132
"104",530800,173600,128000,115
"105",545500,171800,108500,103
"106",527000,185800,550000,200
"107",531100,174700,93300,102
"108",525000,181200,695000,190
"109",533900,161600,148000,135
"110",542000,183300,69950,76
"111",540700,172500,139950,114
"112",534100,167100,93000,117
"113",538400,185800,84500,103
"114",541000,185800,69500,85
"115",526700,190100,51500,50
"116",515700,170900,150000,80
"117",509200,181800,149000,110
"118",537400,180700,110000,75
"119",523900,169400,79000,60
"120",530500,177900,110000,83
"121",536700,177000,36500,44
"122",537500,175800,64000,72
"123",529700,172000,310000,218
"124",535300,173600,63500,77
"125",523300,188700,250000,130
"126",526000,173400,90000,51
"127",527700,168200,157500,136
"128",514400,175000,107000,97
"129",517000,192300,356750,250
"130",526800,177500,272000,123
"131",542700,185300,49000,66
"132",540600,190300,71995,72
"133",537600,181400,71500,90
"134",549700,173300,93750,89
"135",530800,173900,130000,128
"136",529800,188300,109000,94
"137",528300,173600,82000,42
"138",529400,181500,155000,53
"139",523200,179500,85000,40
"140",514700,184700,120000,82
"141",523000,179300,170000,60
"142",523900,182900,65000,66
"143",522900,189500,225000,92
"144",525400,172000,218000,130
"145",529500,170100,88000,91
"146",531500,185500,179500,92
"147",531500,193500,170000,137
"148",515300,181600,84000,79
"149",526000,184200,225000,120
"150",543200,186800,49000,44
"151",523800,175000,100000,45
"152",510200,180300,88300,71
"153",533700,195700,98000,77
"154",512700,170000,167500,105
"155",534400,185200,74000,68
"156",514200,187900,124950,104
"157",534900,197400,88500,90
"158",518500,165100,75000,48
"159",523800,169900,132500,77
"160",515400,188000,59500,45
"161",529100,181700,124000,43
"162",525400,181300,182500,61
"163",547100,165700,60000,107
"164",519700,178000,87500,55
"165",524800,184700,122000,93
"166",531400,192900,68500,66
"167",528500,172800,153000,94
"168",531800,174300,82000,94
"169",539400,174700,153000,82
"170",514900,173300,139000,90
"171",519700,169000,90000,82
"172",540600,183100,75000,86
"173",523500,180100,118000,57
"174",539800,172200,63000,80
"175",530900,183400,92500,55
"176",517100,170100,150000,107
"177",528500,175900,138000,93
"178",530200,187400,237000,168
"179",530700,189200,79950,63
"180",524000,179100,122500,55
"181",517100,183900,100000,80
"182",533500,165900,92000,117
"183",523000,180100,310000,221
"184",515000,188400,104950,132
"185",524200,176800,225000,88
"186",528100,175300,169000,89
"187",540900,172100,60000,44
"188",541300,184700,59000,83
"189",535300,179900,103000,55
"190",518100,166600,92500,69
"191",544300,188500,93000,95
"192",525100,171600,245000,136
"193",530200,173000,99950,74
"194",517100,186600,131000,110
"195",539000,173600,57000,68
"196",526300,163400,86000,89
"197",517400,174300,95500,60
"198",528500,170500,58500,56
"199",517200,181800,104500,91
"200",517500,169900,92000,50
"201",535200,181100,49000,68
"202",528000,173100,440000,200
"203",529400,185400,142250,85
"204",538700,191900,125000,96
"205",545300,187400,64750,71
"206",522900,179600,165000,100
"207",513400,188000,175000,118
"208",513700,183000,77000,65
"209",539700,170000,69950,70
"210",533700,170300,55000,54
"211",552800,189100,163000,202
"212",529900,176100,120000,80
"213",523100,182800,83000,62
"214",531100,187100,67000,45
"215",518600,175100,215000,78
"216",534000,175600,102500,124
"217",528000,164400,60000,62
"218",540000,186000,71500,118
"219",523900,173900,50000,42
"220",523600,190200,475000,250
"221",524300,177600,186000,83
"222",526100,179100,370000,100
"223",527000,193400,267500,125
"224",533400,164200,181500,153
"225",539900,184400,32500,47
"226",511200,177300,82500,72
"227",542900,182100,79000,108
"228",531800,188300,70000,120
"229",551100,176500,92000,95
"230",518700,177900,178000,78
"231",541700,190500,85000,101
"232",533300,184600,64500,65
"233",515200,190000,89000,101
"234",550000,190900,80000,90
"235",528400,172500,120000,82
"236",509500,186500,144000,103
"237",525500,166000,101500,98
"238",513100,170400,157000,104
"239",516000,180200,91000,60
"240",528100,169000,97750,96
"241",521100,184000,56000,79
"242",530300,169100,60000,89
"243",515000,172200,103000,76
"244",515900,172400,205000,108
"245",508000,181500,120000,110
"246",526700,185000,222500,102
"247",531900,186500,73500,35
"248",526300,193300,86500,65
"249",538400,185600,61500,72
"250",520700,177300,325000,140
"251",513500,186100,57000,49
"252",539100,168500,232000,144
"253",532800,165000,69000,64
"254",526200,190800,235000,138
"255",523500,165800,160000,154
"256",512600,189900,92000,62
"257",513500,178600,145000,72
"258",543600,185700,76000,92
"259",540000,171800,65000,85
"260",541400,192300,109995,75
"261",527700,164700,74000,81
"262",531900,186100,236000,115
"263",510100,175200,60000,64
"264",538200,174200,135000,155
"265",515600,188400,120000,137
"266",542700,173400,67000,72
"267",509400,178400,80000,67
"268",535800,188600,84995,88
"269",524300,175100,109950,47
"270",524400,180700,315000,68
"271",536200,197900,82000,102
"272",525500,179400,345000,66
"273",520100,190300,60000,88
"274",536800,168000,137500,107
"275",524700,173200,205000,105
"276",526200,177300,120000,68
"277",513700,176900,64000,80
"278",546800,171300,59995,49
"279",532200,170400,223000,168
"280",524300,164500,123000,103
"281",530300,173900,110000,96
"282",529200,186300,120000,87
"283",528900,170600,118000,114
"284",540800,191800,59000,80
"285",536100,198700,103000,128
"286",513600,175400,73450,44
"287",518800,169000,92000,55
"288",531300,175600,58000,51
"289",535300,196300,80000,111
"290",530900,187500,220000,189
"291",530200,172300,51000,47
"292",515400,181200,105500,86
"293",524000,196800,92500,78
"294",530200,181600,145000,65
"295",516600,184800,49950,48
"296",525500,163200,84000,60
"297",505600,183200,114000,85
"298",531400,179300,302500,177
"299",545400,184200,33500,48
"300",524300,181200,167000,72
"301",539400,169000,58000,60
"302",506300,179600,107000,67
"303",554800,191200,45000,41
"304",533500,174600,153000,120
"305",524000,195300,76000,58
"306",540600,168500,88000,60
"307",505600,183000,67995,73
"308",529700,172600,66000,67
"309",527600,185400,135000,90
"310",545100,188400,98000,127
"311",530700,170100,123000,133
"312",514400,187900,159000,178
"313",537600,172100,75000,99
"314",511900,172600,77500,85
"315",541900,183500,46500,77
"316",505200,181600,37500,57
"317",554000,189500,150000,161
"318",521100,175900,165000,72
"319",505300,181600,67500,50
"320",552600,188300,119995,98
"321",515700,171600,172500,99
"322",542300,168700,275000,250
"323",526000,190900,99500,59
"324",515300,191100,131500,110
"325",512000,172400,99000,103
"326",513100,179100,47000,115
"327",537100,180900,149950,90
"328",534900,182500,69950,53
"329",540100,192500,110000,70
"330",522900,189700,75000,54
"331",542200,178100,134000,163
"332",524800,174400,265000,133
"333",517900,179300,160000,112
"334",535000,169000,69995,67
"335",551900,185700,86500,132
"336",541200,169400,70000,75
"337",524700,169800,460000,167
"338",518600,175800,159500,84
"339",509500,171700,114000,105
"340",511800,185600,122000,97
"341",507100,182800,97000,84
"342",526600,188800,115000,73
"343",527400,172900,135000,62
"344",544100,185200,80000,86
"345",510300,179900,82250,87
"346",544200,185400,69000,94
"347",512200,187800,168000,102
"348",527100,162300,289000,144
"349",532900,185000,66000,40
"350",529400,175600,160000,107
"351",540000,191200,145000,127
"352",531100,199800,140000,107
"353",542400,185600,65000,82
"354",522800,180100,270000,186
"355",526900,196400,121000,85
"356",536600,190900,86995,113
"357",546100,172400,61000,76
"358",520400,180700,140500,96
"359",541600,175300,67500,79
"360",538400,189300,37000,36
"361",539100,175600,111250,75
"362",528600,169200,59950,45
"363",528500,173300,93500,57
"364",507200,185200,172000,99
"365",529500,173400,96500,77
"366",537600,194700,82500,62
"367",512500,182800,75500,99
"368",529500,188400,235000,114
"369",542900,183200,68000,78
"370",529400,171500,46000,62
"371",548800,177800,60000,74
"372",538700,176200,128000,58
"373",540300,183600,74500,105
"374",520100,176700,380000,262
"375",539800,187300,130000,95
"376",512700,184600,54000,59
"377",551000,189700,85000,100
"378",522700,175400,120000,58
"379",530600,175500,145000,121
"380",526500,188900,290000,135
"381",518300,184300,88500,98
"382",521900,178900,180000,92
"383",539300,176400,190000,73
"384",542000,167600,106000,88
"385",527300,182100,145000,69
"386",525800,167800,110000,85
"387",543900,167200,172500,145
"388",534400,177100,45000,73
"389",553700,191500,61000,90
"390",530600,169300,74000,70
"391",518000,171300,133500,69
"392",533400,193000,96000,102
"393",507500,183800,232500,166
"394",519000,176500,482500,261
"395",519900,175500,261000,118
"396",528800,178000,99000,63
"397",511000,190600,145000,120
"398",538800,166300,140000,136
"399",547700,185500,63500,94
"400",532500,164900,119000,114
"401",522200,189100,79000,58
"402",539200,170000,110000,123
"403",524500,177200,161000,64
"404",532700,197800,122000,107
"405",529000,173400,155000,112
"406",539500,172200,70000,82
"407",531000,175900,117000,78
"408",528300,173900,179000,90
"409",531900,183600,162000,76
"410",523900,179400,177633,78
"411",531400,195200,75000,79
"412",555700,185900,141500,113
"413",526700,164200,55000,55
"414",519200,178200,95000,56
"415",520800,168100,138500,118
"416",509500,185900,100000,106
"417",533100,197500,105000,85
"418",548300,187800,77000,93
"419",524900,166300,113750,93
"420",514500,171300,323000,184
"421",527700,184500,220000,110
"422",519300,169800,73000,54
"423",548900,178600,38000,86
"424",520900,175900,164000,102
"425",520600,191400,35520,74
"426",544900,173200,125000,93
"427",529500,163700,76950,80
"428",518900,180500,113500,88
"429",536800,173600,107000,109
"430",527400,181600,112000,45
"431",510100,180200,104000,98
"432",538300,175900,89995,94
"433",521000,192100,146500,93
"434",528100,170500,54000,52
"435",520500,187600,109000,98
"436",538900,190200,65995,60
"437",535000,187000,45500,45
"438",528700,184600,90000,40
"439",524200,183000,140000,146
"440",530300,164300,122000,144
"441",533000,196500,64000,78
"442",512300,187100,111000,91
"443",510200,176500,86500,87
"444",533100,186100,141000,113
"445",532600,191700,56000,73
"446",529400,195200,180000,123
"447",527900,180800,250000,65
"448",529800,188800,145000,98
"449",538200,176600,77000,70
"450",531900,189000,56000,57
"451",534100,174300,156000,160
"452",522100,168300,138000,103
"453",551100,189200,46000,51
"454",542200,188900,64000,51
"455",521400,183500,60000,138
"456",525900,173200,120500,68
"457",529100,168400,110000,126
"458",550800,177900,54000,72
"459",525800,178400,485000,165
"460",526400,183100,164000,74
"461",542200,170800,275000,195
"462",543900,191100,120000,144
"463",529900,188100,127000,98
"464",516900,172500,99000,98
"465",534900,170700,72000,84
"466",535000,184300,132000,150
"467",524500,177100,107000,47
"468",524200,177600,190000,107
"469",529900,164900,103000,85
"470",533500,184900,122000,110
"471",514300,183900,66000,62
"472",532400,170300,95000,104
"473",518300,174100,395000,134
"474",532700,163800,75500,74
"475",524000,175200,143950,80
"476",547700,186300,58500,77
"477",526000,181100,110000,79
"478",536200,197500,75000,101
"479",547100,167500,98000,95
"480",525300,172700,113500,69
"481",542100,189800,50000,64
"482",540500,176700,95000,72
"483",531700,186600,175000,112
"484",510400,173300,104000,133
"485",537700,186800,55000,73
"486",538600,174400,61500,77
"487",512100,186300,96950,66
"488",524700,185200,212000,151
"489",533900,175600,160000,150
"490",532600,163600,86000,98
"491",538800,174700,92995,91
"492",538000,177100,138500,96
"493",533000,175700,165000,151
"494",521000,166900,149950,121
"495",535100,193500,93000,98
"496",532200,172700,107500,134
"497",523600,185300,145000,82
"498",530200,186800,121950,58
"499",529400,173200,148000,86
"500",542400,190200,130000,118
"501",526100,192000,124950,75
"502",516900,190400,117500,99
"503",529900,168200,99950,108
"504",517900,181000,335000,175
"505",540500,169400,70000,46
"506",527300,194800,161000,100
"507",549100,173200,245000,186
"508",524800,187200,297000,177
"509",539600,172500,39500,40
"510",525900,163700,58500,50
"511",540400,189200,106000,79
"512",519900,168800,206500,147
"513",531200,165300,55000,71
"514",525900,176000,128503,78
"515",527500,195200,127000,112
"516",528800,193600,183000,111
"517",538600,186600,84000,116
"518",530800,175700,211500,181
"519",543400,190400,150000,132
"520",511200,186000,125000,88
"521",509100,180900,61000,63
"522",540500,193700,148000,128
"523",531500,179400,120000,81
"524",525300,177900,117000,61
"525",551900,188200,53000,62
"526",549000,177700,98995,91
"527",523500,185900,87875,75
"528",515800,189100,67000,68
"529",536000,199100,98000,102
"530",531800,165800,65000,80
"531",532800,168900,60000,72
"532",525700,170800,210000,109
"533",526100,174700,54000,45
"534",513500,186400,135000,102
"535",535300,169100,106000,108
"536",527100,184400,200000,127
"537",540500,188500,88000,120
"538",543500,171300,121000,100
"539",550800,189400,52500,54
"540",523700,170000,272000,105
"541",529100,184500,85000,54
"542",528800,164400,65000,76
"543",532600,162700,65000,62
"544",525300,182400,82000,46
"545",509700,178700,66950,68
"546",516500,175300,179000,110
"547",512500,180800,71000,70
"548",521200,168000,85000,79
"549",510000,181300,50000,85
"550",525900,189000,267500,116
"551",525000,191000,123500,83
"552",527400,189200,138000,83
"553",517400,181000,157500,74
"554",505700,179900,201000,162
"555",524400,196600,170500,135
"556",535400,171000,61500,55
"557",527300,183300,149000,90
"558",526200,173900,137500,95
"559",511200,184100,100000,84
"560",540400,172700,53000,71
"561",525300,162000,71000,50
"562",520400,174800,215000,128
"563",552000,188100,75000,100
"564",533500,185700,66500,52
"565",526300,185600,340000,183
"566",521800,168100,99000,80
"567",526200,194600,118000,86
"568",525400,169900,174000,109
"569",523500,169300,57500,40
"570",529500,187100,300000,181
"571",529800,185700,139995,66
"572",539000,175000,87000,102
"573",541600,169300,77000,83
"574",515700,177100,187500,130
"575",527900,170500,46500,44
"576",532900,172000,112500,74
"577",530100,193000,165000,134
"578",523100,185200,90000,72
"579",529200,186500,65000,46
"580",520600,179600,94000,58
"581",530700,190400,100000,82
"582",529800,177100,99950,65
"583",551500,177400,58000,106
"584",540500,188600,73750,73
"585",531000,178100,140000,78
"586",523100,175100,94500,55
"587",518500,175000,215000,68
"588",526600,170000,59000,45
"589",523400,184700,145000,102
"590",539300,173600,119000,120
"591",531600,189700,100000,94
"592",535100,162500,108000,113
"593",525600,168900,172500,110
"594",550200,191300,54000,57
"595",532000,178400,75000,52
"596",513100,185800,105000,108
"597",524200,184000,125000,72
"598",550700,191700,120000,140
"599",535300,184200,82000,99
"600",548700,172100,77000,75
"601",529800,186600,72000,42
"602",546100,174500,83500,98
"603",515600,180000,121000,86
"604",538300,180000,98000,41
"605",520900,190800,80000,77
"606",534900,193900,81000,101
"607",530800,182300,91000,41
"608",545200,167000,215000,109
"609",523400,181100,100000,66
"610",539700,177800,83000,71
"611",530600,170500,285000,226
"612",545100,173400,88000,82
"613",516300,188000,55750,58
"614",516500,179900,158000,103
"615",536300,182800,97500,72
"616",511600,176300,115500,95
"617",531300,193100,100000,78
"618",525400,173000,131500,64
"619",538500,187000,88000,118
"620",524300,170000,59950,37
"621",531500,176300,100000,83
"622",532500,183300,100000,105
"623",523600,175100,45750,62
"624",524200,178200,47000,36
"625",553100,185800,87500,88
"626",541700,162600,143000,111
"627",518300,180700,122500,66
"628",509300,182200,108000,99
"629",525700,169500,107500,90
"630",539100,176200,512500,254
"631",510900,173500,89500,84
"632",524800,176800,138051,65
"633",526100,171200,145000,75
"634",517000,179300,97000,61
"635",546300,166700,59950,64
"636",543900,188400,105000,98
"637",541200,178100,68000,79
"638",524400,162800,70000,75
"639",534200,166800,76500,106
"640",535400,185900,113000,123
"641",518600,183500,85000,80
"642",537900,172000,112500,91
"643",537900,187500,75000,78
"644",546300,179400,54500,72
"645",525800,174700,63000,58
"646",525200,164300,92000,86
"647",521400,178500,260000,130
"648",540500,191200,120000,130
"649",535800,177300,111000,107
"650",530300,162600,34000,25
"651",536100,173100,108000,111
"652",517100,190700,130000,99
"653",532700,172200,90000,98
"654",535300,182700,75000,62
"655",519700,169700,75000,57
"656",540000,191100,65000,80
"657",537700,190700,93000,98
"658",538600,193600,139995,100
"659",516500,179800,95000,50
"660",545300,164800,100000,98
"661",523300,189400,195000,155
"662",524200,196900,97500,65
"663",531500,193600,165000,160
"664",525300,177100,70000,67
"665",527900,185000,92000,60
"666",527500,179200,175000,61
"667",550900,186500,76000,72
"668",509000,178700,78000,119
"669",533200,185700,71000,48
"670",538500,174300,60000,77
"671",529100,186200,55800,46
"672",543100,185800,62000,105
"673",519100,170200,190000,108
"674",530500,188500,120000,93
"675",540900,187900,235000,124
"676",514000,175500,77000,90
"677",550300,177300,67000,96
"678",533900,165900,78950,81
"679",520100,175300,135000,118
"680",543500,177300,75000,132
"681",517400,174200,101000,52
"682",510200,181600,137500,137
"683",521600,183600,59000,51
"684",507000,181100,54500,59
"685",536000,184500,125000,94
"686",528900,186200,150000,87
"687",518300,180300,130000,57
"688",531700,182600,447500,225
"689",527900,173200,105000,76
"690",536100,162400,96000,131
"691",515700,188400,140000,114
"692",544000,187500,42000,48
"693",527000,173800,125000,85
"694",528900,173900,148000,88
"695",549400,178800,42000,70
"696",532700,171900,40000,65
"697",526700,190000,62500,70
"698",510500,186500,108500,84
"699",510400,172300,90000,88
"700",524400,163600,85000,80
"701",550600,184800,71000,75
"702",512900,175800,131500,136
"703",522800,187600,85000,77
"704",529900,188800,205000,145
"705",510000,186100,83000,58
"706",527300,171100,83500,64
"707",534700,192400,94000,102
"708",517300,169900,94000,58
"709",527600,172300,160000,72
"710",520300,180600,245000,171
"711",537700,188300,58000,68
"712",527000,189700,127000,104
"713",531400,178000,152000,96
"714",528700,173000,108000,92
"715",533700,178800,45000,48
"716",513400,177900,95000,143
"717",527100,171200,55000,63
"718",534600,168100,74000,71
"719",524700,183800,200000,136
"720",532100,166800,89000,145
"721",524000,195400,117000,94
"722",511900,178200,100000,119
"723",512000,186900,127500,100
"724",532900,189700,46000,58
"725",547800,177900,60000,77
"726",545600,176500,87995,77
"727",525200,173700,114950,54
"728",538800,169000,182500,191
"729",530500,173500,87000,63
"730",550000,191700,109000,100
"731",527300,175700,78000,85
"732",533800,165500,95500,94
"733",544800,186900,57000,101
"734",534300,175000,50000,58
"735",544500,165900,123500,118
"736",505800,191000,60000,49
"737",526000,174800,277500,110
"738",515600,170800,69950,52
"739",525700,167600,115000,101
"740",542200,165000,280000,200
"741",520400,178200,114000,55
"742",521800,192300,79950,70
"743",526100,189600,89000,85
"744",519600,166300,140000,128
"745",524400,181500,132500,50
"746",527800,173200,206500,115
"747",509400,191300,170000,129
"748",532100,192300,78000,60
"749",552200,176500,104995,78
"750",537700,194300,145000,115
"751",526300,185800,360000,112
"752",530800,187400,90000,71
"753",519800,179700,157000,90
"754",522800,174900,153000,86
"755",513000,184800,67500,73
"756",524400,166700,138000,132
"757",525100,172700,150500,82
"758",525500,184300,127500,68
"759",526800,179500,252000,110
"760",515400,191500,80000,67
"761",523000,182800,90000,58
"762",536300,175100,97000,127
"763",534100,194900,66000,75
"764",522100,179500,115153,62
"765",528300,171300,116000,89
"766",525400,188100,360000,160
"767",525400,181000,375000,117
"768",547400,177400,118000,142
"769",549100,187300,75000,100
"770",537300,170100,107000,72
"771",529800,191500,76500,75
"772",523500,175300,350000,200
"773",534500,170000,50000,81
"774",523100,191700,84500,74
"775",515600,172200,119000,74
"776",529000,187600,375000,250
"777",511800,172900,56000,50
"778",541700,158800,123000,101
"779",533800,173900,345000,199
"780",541400,191900,106000,77
"781",510900,190300,110000,114
"782",537400,190900,87000,92
"783",524200,196500,120000,101
"784",539700,177400,70000,66
"785",510400,180100,91500,102
"786",527900,170800,140000,139
"787",529400,173000,143000,109
"788",525100,190500,69000,55
"789",516600,174200,172500,78
"790",521400,168500,52500,52
"791",527300,166900,79250,68
"792",510400,177000,59950,78
"793",542800,188800,144000,116
"794",521200,189100,128000,123
"795",534800,183200,85000,51
"796",521400,175600,160000,92
"797",515300,175600,138500,103
"798",536400,188300,80000,85
"799",513600,180900,81000,85
"800",508400,182300,147000,103
"801",531300,173400,62000,34
"802",526400,191600,195500,125
"803",519700,189400,111000,84
"804",540500,188700,130000,91
"805",525300,180900,105000,30
"806",524900,172900,290000,162
"807",548700,177400,119500,106
"808",532100,166600,39000,65
"809",510400,186300,87500,63
"810",528100,176700,217500,100
"811",535500,171500,191000,238
"812",522300,184900,84000,83
"813",536000,173700,74000,77
"814",526000,171000,73000,70
"815",527400,174200,101000,43
"816",509900,187500,280000,195
"817",514500,189900,82950,68
"818",536100,168900,59999,57
"819",538700,181300,94000,103
"820",516200,183100,69250,74
"821",531000,176700,132000,80
"822",538000,172400,148000,159
"823",539200,167800,64000,53
"824",532700,171800,93000,124
"825",513200,174900,92000,104
"826",527400,168400,52500,75
"827",524700,176700,136000,62
"828",534600,180100,65000,38
"829",530100,191600,80000,83
"830",547100,177500,100000,90
"831",525100,173300,110000,140
"832",510000,185800,100000,75
"833",513300,181700,86500,75
"834",526800,184400,185000,75
"835",526900,191600,100000,80
"836",533700,168300,43000,42
"837",543900,172700,99000,107
"838",538300,175000,59995,64
"839",549700,191800,113000,137
"840",516900,174200,98000,53
"841",515000,185600,134950,105
"842",523700,196900,142500,97
"843",511900,171600,76950,96
"844",534300,184000,107000,108
"845",514200,176100,69000,81
"846",509200,173700,117000,156
"847",533600,165800,69500,57
"848",553400,190400,69000,84
"849",510700,172700,61000,51
"850",519900,170400,71500,66
"851",528500,192700,114950,89
"852",532400,162700,80000,78
"853",518300,170300,140000,85
"854",546700,173700,74000,59
"855",516700,170800,370000,148
"856",523700,189300,121000,95
"857",553000,185100,96500,102
"858",543000,189900,119000,110
"859",528900,168500,80000,107
"860",524000,179800,225000,76
"861",549900,189400,94000,126
"862",532000,192300,80000,59
"863",526200,170000,108000,85
"864",540000,185500,90000,110
"865",534600,173400,75000,58
"866",522900,174800,168000,100
"867",512200,184600,59000,97
"868",520200,167300,195000,175
"869",531000,193100,70000,54
"870",518800,169100,55000,100
"871",524600,180700,165000,65
"872",517100,173900,460000,188
"873",517900,180200,182000,78
"874",525200,184000,97500,57
"875",531300,184200,370000,161
"876",527900,164200,120000,103
"877",535700,174000,133000,122
"878",527700,170200,102000,110
"879",505900,180400,69500,66
"880",530700,183700,225000,125
"881",526100,192600,112500,75
"882",530800,189100,49500,31
"883",540200,171300,87500,78
"884",533500,166900,78500,85
"885",517400,180600,106500,57
"886",530000,170500,90000,85
"887",514900,182900,87500,75
"888",552800,186000,73000,71
"889",507400,183300,109000,74
"890",536500,182200,128000,117
"891",532600,185700,200000,187
"892",526200,165300,123000,100
"893",545800,191800,100000,79
"894",513800,173700,165000,116
"895",539700,169000,102000,99
"896",526100,170700,117500,64
"897",516900,181000,172500,90
"898",530200,185300,137000,83
"899",535600,185800,109000,103
"900",532900,185900,86000,46
"901",543700,188600,109000,95
"902",533500,168700,105000,126
"903",511900,179100,69000,87
"904",531500,188400,75950,72
"905",537900,182500,55000,83
"906",534200,185200,69995,62
"907",519200,191900,185000,170
"908",528900,163300,68950,102
"909",533900,196300,99995,100
"910",542200,191100,90000,86
"911",540200,169000,67000,61
"912",525700,170100,160000,90
"913",527700,194400,74000,49
"914",512100,186000,112500,74
"915",510100,172900,68950,58
"916",529300,189100,399950,182
"917",530800,172400,79995,75
"918",539100,194000,138000,108
"919",553400,189100,96000,114
"920",537000,175600,58500,70
"921",525300,182100,92000,52
"922",544500,187400,105000,107
"923",540100,173200,109000,125
"924",535500,178600,49950,99
"925",514200,187100,58000,57
"926",528800,172400,132500,107
"927",532600,163000,76750,80
"928",528000,169400,126000,145
"929",523700,182600,80000,55
"930",540600,185400,60000,143
"931",551200,188200,39000,55
"932",538400,194000,152000,146
"933",527700,175700,155000,87
"934",532400,170100,47000,60
"935",535700,173900,50000,63
"936",534400,186400,200000,260
"937",545200,164000,124000,89
"938",522100,185000,63950,60
"939",528700,164800,134000,106
"940",532700,178700,57500,80
"941",546700,183900,51500,72
"942",525400,177300,148000,76
"943",534100,174900,82000,60
"944",532500,171800,83000,83
"945",518400,167300,45000,33
"946",530500,188900,117500,79
"947",520100,181000,116000,64
"948",541400,159700,85500,100
"949",548700,186600,53500,75
"950",525400,192700,250000,182
"951",511400,173100,86000,96
"952",536600,176100,73000,55
"953",528600,191400,71000,53
"954",532000,187900,94000,105
"955",519500,169200,198000,127
"956",539500,166400,172000,140
"957",510300,181000,86500,102
"958",529900,175300,129000,64
"959",509600,172500,90000,87
"960",531000,174400,75000,59
"961",543500,169700,98950,65
"962",542200,187900,115000,94
"963",532400,176400,36950,26
"964",531900,186000,90000,53
"965",547700,188900,133500,103
"966",527100,176300,55500,55
"967",536800,188800,76500,100
"968",523600,185400,75000,67
"969",509800,177300,122000,123
"970",526600,190800,78000,61
"971",525100,176500,850000,246
"972",540000,191000,171000,129
"973",509200,182000,143000,117
"974",535000,185900,160000,269
"975",533000,188000,98000,100
"976",517100,182300,184000,82
"977",529700,193700,193000,106
"978",517300,187600,68000,60
"979",553800,185900,185000,135
"980",532600,183600,72100,40
"981",552700,185800,64500,90
"982",508500,178900,79000,71
"983",530900,186900,115000,100
"984",525800,177800,144000,112
"985",525400,163500,54000,54
"986",523400,188700,135000,83
"987",541100,192400,247000,150
"988",542400,188800,127000,104
"989",524300,176500,158000,67
"990",525400,180800,82500,43
"991",539800,185800,65000,70
"992",541000,171300,130000,109
"993",540100,178200,129000,110
"994",532900,184900,135000,79
"995",527700,172100,70000,54
"996",527800,192000,143000,125
"997",537700,174200,104000,134
"998",527000,173300,445000,210
"999",507900,182100,99500,88
"1000",513600,181400,126000,116
"1001",514100,172900,93500,71
"1002",524300,178900,334000,180
"1003",528100,183600,292000,100
"1004",542000,188900,149000,130
"1005",529700,184300,150000,115
"1006",533700,165700,38000,50
"1007",515500,180800,220000,142
"1008",533600,198100,60000,62
"1009",529100,168600,90000,87
"1010",518600,168500,137000,90
"1011",551700,188100,84000,93
"1012",509600,186600,81500,58
"1013",511400,186000,158000,113
"1014",518800,165800,79900,71
"1015",545400,186000,168000,104
"1016",543500,177200,86500,70
"1017",519600,190400,118000,79
"1018",528200,167500,87000,78
"1019",552000,188000,60000,68
"1020",506400,181200,53000,47
"1021",529000,178300,293000,110
"1022",515500,189600,58500,56
"1023",536500,189300,56995,65
"1024",519200,190000,60000,45
"1025",526100,176500,129950,73
"1026",514700,190100,85000,93
"1027",536500,183400,57500,46
"1028",513800,183100,76000,78
"1029",526900,171700,81950,63
"1030",527600,165700,119950,106
"1031",528900,194700,73000,72
"1032",539800,181400,44500,72
"1033",544700,178400,39000,56
"1034",523400,185800,95000,89
"1035",525000,191100,99000,80
"1036",515900,188100,137950,62
"1037",531400,182700,91000,67
"1038",526200,163300,63650,51
"1039",523900,184900,120000,67
"1040",530100,168500,63000,129
"1041",520400,179900,104000,125
"1042",533600,181800,198400,82
"1043",526400,177300,115000,70
"1044",523500,179400,165000,106
"1045",507200,183300,90000,80
"1046",534800,185900,89950,146
"1047",529300,181500,430000,120
"1048",530700,195000,88500,73
"1049",544200,187300,39000,40
"1050",516200,185300,77000,74
"1051",540600,183500,54500,86
"1052",552300,184400,82000,94
"1053",530000,189200,187000,98
"1054",510900,182100,55000,58
"1055",545300,175100,105000,115
"1056",548100,188100,40000,62
"1057",541200,176800,100000,104
"1058",540100,174100,128000,100
"1059",517700,178900,109000,98
"1060",516600,181600,67000,42
"1061",545100,165300,132000,98
"1062",520600,177800,360000,156
"1063",533400,160900,154000,115
"1064",545100,186800,103800,110
"1065",536300,183200,315000,175
"1066",535400,185600,132500,150
"1067",540600,174300,178000,119
"1068",527800,165900,49500,79
"1069",534500,168000,89000,101
"1070",525100,195600,116000,112
"1071",528500,169100,58950,52
"1072",521600,184200,70000,76
"1073",519400,170000,95000,66
"1074",534500,166600,35500,55
"1075",545800,187200,74500,105
"1076",545500,178400,58000,67
"1077",525900,166000,167000,144
"1078",541500,158500,78000,98
"1079",540800,192200,315000,228
"1080",542100,183100,86995,116
"1081",530200,182200,112500,76
"1082",529100,187900,192500,92
"1083",540700,192800,270000,165
"1084",543100,178300,45000,53
"1085",546700,178600,78000,80
"1086",505900,177200,68500,72
"1087",534000,174200,120000,93
"1088",553300,186400,84000,85
"1089",524100,196800,138000,102
"1090",516700,181500,364000,201
"1091",515700,189300,57000,52
"1092",535900,190400,89000,101
"1093",527600,188500,110000,82
"1094",533000,188100,70000,68
"1095",527700,174500,137000,70
"1096",507400,186500,160000,140
"1097",542500,187600,178000,206
"1098",547800,167500,80000,94
"1099",532600,170600,77000,78
"1100",529800,189300,272000,147
"1101",524400,168900,123700,100
"1102",543800,177500,80000,140
"1103",528100,169400,51000,65
"1104",542400,166100,111500,96
"1105",532000,173900,88500,71
"1106",550500,188600,82500,87
"1107",532500,162700,58950,80
"1108",519100,169400,185200,143
"1109",540600,178300,49950,58
"1110",537100,198700,76000,97
"1111",509600,171500,97500,118
"1112",506200,179400,55000,78
"1113",523900,174900,99950,48
"1114",539500,175600,94000,76
"1115",537500,173700,71500,82
"1116",551500,183800,43995,48
"1117",526000,185200,65000,60
"1118",528700,171000,92000,82
"1119",532600,185500,135000,103
"1120",508400,177100,79950,82
"1121",538300,174200,71000,118
"1122",516600,174100,246000,156
"1123",518100,180800,158500,80
"1124",519200,169900,165000,90
"1125",538400,188600,97000,90
"1126",547800,187100,59995,78
"1127",531100,184800,179000,116
"1128",534300,167200,46250,58
"1129",515400,172400,165000,103
"1130",526200,174800,103000,77
"1131",511300,190200,210000,182
"1132",547000,185000,49995,68
"1133",533600,195100,133000,109
"1134",543700,172000,132000,91
"1135",550700,192000,77000,90
"1136",521600,166700,74000,84
"1137",527800,172500,68000,51
"1138",517300,178800,153000,89
"1139",521000,179700,250000,104
"1140",507500,184600,184500,124
"1141",543200,190700,67000,80
"1142",522500,165400,130000,98
"1143",555200,186700,105000,97
"1144",519400,180700,155000,83
"1145",546000,176200,73000,97
"1146",526800,164700,141950,114
"1147",534300,168400,65000,162
"1148",526100,173000,200000,135
"1149",510800,189600,81500,74
"1150",524900,168800,110000,70
"1151",527500,175000,359000,200
"1152",525800,173000,79000,51
"1153",529600,194100,173000,123
"1154",509500,178800,86960,73
"1155",534400,192200,84500,98
"1156",528600,170200,100000,108
"1157",525700,192000,225000,156
"1158",524400,180200,270000,90
"1159",515100,188900,73000,62
"1160",518000,183200,85000,81
"1161",525200,184900,90000,49
"1162",511000,185900,114150,70
"1163",518900,171000,249000,165
"1164",530800,173800,155000,159
"1165",517400,190100,137000,107
"1166",530400,191400,82000,70
"1167",515700,183200,110000,95
"1168",517200,179900,110000,63
"1169",525600,163600,62500,60
"1170",524700,187700,155000,79
"1171",524000,170000,135000,85
"1172",528900,163700,56750,58
"1173",540300,169400,98500,97
"1174",527500,192300,149000,115
"1175",522400,191000,85000,65
"1176",532500,197200,68000,63
"1177",537200,177500,90000,120
"1178",551900,188100,68500,96
"1179",514700,190600,112000,93
"1180",518600,175200,289950,98
"1181",526100,191500,137500,101
"1182",521000,169100,285000,189
"1183",535500,183100,80000,64
"1184",526800,175200,152500,84
"1185",528800,176700,96000,62
"1186",539000,175100,132000,114
"1187",528500,190700,76000,93
"1188",536100,170600,81000,86
"1189",525300,163500,100000,89
"1190",515200,190300,105500,126
"1191",533300,188800,75000,93
"1192",535300,171900,103000,112
"1193",509700,186000,72950,72
"1194",525400,189700,67000,81
"1195",531400,185800,96000,65
"1196",505700,178500,86000,88
"1197",540300,176900,78000,50
"1198",508700,186700,92000,114
"1199",505400,179000,85500,73
"1200",511400,182100,116000,111
"1201",541100,190100,106500,98
"1202",538800,175700,90000,72
"1203",544700,186100,101995,81
"1204",526900,164300,128000,119
"1205",527500,169300,65000,50
"1206",522200,175400,140000,85
"1207",537500,174600,54000,58
"1208",521700,183300,112500,130
"1209",527600,193400,62000,62
"1210",524700,178200,230000,125
"1211",531300,172200,45000,68
"1212",544900,187200,111000,108
"1213",515100,180100,180000,103
"1214",531900,176700,127000,94
"1215",541300,191500,90000,94
"1216",509700,181100,242500,188
"1217",517100,191300,152000,108
"1218",516600,188600,170000,122
"1219",536800,181900,48000,103
"1220",523100,178800,83500,54
"1221",543400,169700,67500,71
"1222",521700,190400,73000,122
"1223",516700,179700,173000,90
"1224",523100,195800,90750,80
"1225",540000,181700,70000,130
"1226",543000,185700,68000,92
"1227",527100,170900,70000,54
"1228",540700,169800,82000,74
"1229",531300,188600,83000,75
"1230",515300,189800,93000,91
"1231",525400,162100,138000,104
"1232",545300,187700,44000,47
"1233",515200,171800,137500,81
"1234",542400,175200,48000,62
"1235",533000,179500,172500,94
"1236",529100,174300,129950,72
"1237",554200,181000,87500,169
"1238",528700,185600,110000,67
"1239",535300,171000,46000,70
"1240",518000,174700,158000,58
"1241",526100,184500,315000,150
"1242",540200,187100,195000,146
"1243",515800,173800,219950,112
"1244",518700,166000,137000,90
"1245",518200,165700,67000,46
"1246",522200,185000,67000,50
"1247",520100,180800,95000,72
"1248",509100,187500,73000,83
"1249",529000,164600,59950,45
"1250",535700,184100,130000,100
"1251",524800,167000,79000,107
"1252",538100,176100,53000,88
"1253",547300,187700,92500,100
"1254",533300,166000,102500,109
"1255",549100,175800,130000,148
"1256",531700,178400,162500,220
"1257",547600,165900,119995,112
"1258",511100,189800,70000,67
"1259",527700,188600,260000,150
"1260",532600,189400,54500,69
"1261",531200,189200,71500,68
"1262",538000,189300,49995,42
"1263",529800,175500,118000,95
"1264",530600,189000,72500,46
"1265",546200,172800,123000,96
"1266",534000,182800,176000,105
"1267",520100,178800,102000,54
"1268",532200,188600,52500,52
"1269",527000,165400,100000,86
"1270",524600,176400,175000,77
"1271",520400,187500,84500,76
"1272",542200,190600,123950,100
"1273",535000,185200,90000,142
"1274",508100,185900,133000,111
"1275",530800,180200,266000,74
"1276",531100,187700,122000,70
"1277",530500,186700,60000,84
"1278",527600,171700,137000,118
"1279",529900,187700,165000,145
"1280",520700,175600,210000,122
"1281",534700,167200,77500,69
"1282",529800,174600,330000,174
"1283",516900,183900,100000,92
"1284",519400,190100,129350,96
"1285",510300,186300,107000,102
"1286",513400,175100,59950,44
"1287",546300,169400,77000,83
"1288",509700,179500,74500,74
"1289",531200,172200,40000,49
"1290",527300,180900,335000,113
"1291",543700,178100,60000,94
"1292",537700,175100,113000,147
"1293",526900,192200,82500,64
"1294",519300,163800,84950,66
"1295",526800,175700,73000,92
"1296",527900,172800,126000,87
"1297",525600,170500,158000,97
"1298",528700,184700,88000,46
"1299",532400,181800,130000,65
"1300",549200,178800,113000,105
"1301",542200,166800,67500,96
"1302",528400,165900,94995,70
"1303",525800,182000,115000,54
"1304",519500,170300,87000,65
"1305",529900,186400,52500,67
"1306",526400,184700,153000,50
"1307",542300,191500,106500,95
"1308",539900,170100,63000,60
"1309",548200,178900,69000,73
"1310",515600,183400,57500,42
"1311",507500,183100,84950,83
"1312",534200,172100,78000,93
"1313",523900,171100,184000,120
"1314",510200,181400,146700,127
"1315",544600,173000,125000,97
"1316",551600,182900,84000,103
"1317",531700,194800,185000,145
"1318",524100,180300,170000,58
"1319",550200,188200,51000,84
"1320",535700,175500,62500,65
"1321",533000,176400,48000,38
"1322",542300,184300,65500,87
"1323",533000,176600,56500,56
"1324",514200,174300,94950,56
"1325",515600,176400,97187,92
"1326",527700,171800,82000,70
"1327",523300,168200,165000,130
"1328",512600,184500,103000,96
"1329",534200,169100,124950,84
"1330",505400,183200,48950,35
"1331",511000,182100,56500,71
"1332",520200,184800,74000,139
"1333",523200,166100,98000,75
"1334",527900,187500,196500,92
"1335",530400,173000,67000,61
"1336",516900,191700,71500,63
"1337",541700,184700,79995,101
"1338",546100,167600,54500,53
"1339",507900,183900,92000,84
"1340",525400,164600,103000,104
"1341",539600,181800,68000,97
"1342",553800,187700,63500,55
"1343",540300,174100,125000,104
"1344",525400,168500,218000,152
"1345",532500,167700,68500,75
"1346",530400,187800,81000,64
"1347",543400,182700,66000,117
"1348",524800,182600,102000,60
"1349",526100,166600,76000,71
"1350",518500,174900,197500,78
"1351",540500,189500,54000,88
"1352",520800,191600,86500,87
"1353",524200,181700,186000,93
"1354",535400,197600,96000,116
"1355",505300,183800,139950,117
"1356",506100,179600,125000,118
"1357",521900,179600,230000,120
"1358",525400,180600,225000,79
"1359",514400,188000,64000,57
"1360",538300,187700,75000,100
"1361",508800,181000,83000,106
"1362",527500,169400,88000,97
"1363",521300,175700,255000,93
"1364",535600,162400,126950,108
"1365",526400,194800,280000,127
"1366",549200,175900,140000,120
"1367",515400,176100,80000,89
"1368",519100,169900,127000,87
"1369",528900,164400,60000,60
"1370",525400,183800,166500,101
"1371",523500,174600,87000,73
"1372",527800,171700,130000,106
"1373",524100,166400,114950,82
"1374",541400,181600,59995,120
"1375",514600,182500,106000,88
"1376",528000,176400,52000,83
"1377",539300,169400,142000,127
"1378",537100,182700,70000,60
"1379",531200,194600,243000,129
"1380",527900,166100,58000,48
"1381",522900,168500,139950,120
"1382",518800,163600,125000,98
"1383",522200,177600,134000,70
"1384",526700,175100,85000,46
"1385",528900,194900,99000,96
"1386",526700,165900,77000,80
"1387",527000,171600,76000,80
"1388",538700,185600,64000,76
"1389",540900,173700,64000,77
"1390",526000,173800,59999,52
"1391",552000,190400,246000,155
"1392",536000,169200,122000,127
"1393",532000,172200,79000,75
"1394",536600,165300,139950,110
"1395",527600,193300,65000,54
"1396",520000,186900,250000,136
"1397",511300,176400,66950,105
"1398",522400,166400,119950,85
"1399",528300,175900,151500,75
"1400",528800,171300,230000,178
"1401",515600,173100,68500,44
"1402",513200,186500,58500,59
"1403",542900,189500,247000,185
"1404",524900,185300,153000,96
"1405",522000,185400,146250,111
